id,doc,line_no,description_text,issue_type,classification,classification_ref,notes
ISS-0001,working/phase1/summaries/AGENTS.summary.md,36,Dual-venv requirement can confuse newcomers who only read README; consider referencing this doc elsewhere.,Env,CONFLICT,"Workflow, Releases, CI – README.md & AGENTS.md ownership (Phase 5 in migration_plan §5)","Dual-venv behavior is canonically described in ADR-0003 and AGENTS.md, but the root README.md does not yet reflect this nuance; Phase 5 Workflow/Releases/CI needs to reconcile onboarding vs. agent notes so newcomers see consistent dual-venv guidance."
ISS-0002,working/phase1/summaries/AGENTS.summary.md,37,"Some instructions (“run tests after every change”) are general best practices rather than agent-exclusive guidance, raising question of duplicate ownership.",Duplicates,CONFLICT,"Workflow, Releases, CI – AGENTS.md vs. docs/workflow-and-ci.md (migration_plan §2, §5)","AGENTS.md currently mixes agent-specific expectations with generic best practices like always running tests after changes, overlapping with planned workflow-and-ci and testing-guide content; later phases must decide whether these belong in AGENTS or standard contributor docs and dedupe accordingly."
ISS-0003,working/phase1/summaries/AGENTS.summary.md,38,No troubleshooting guidance for diverging venv states or dependency drift between `.venv` and `.venv2`.,Gaps,CONFLICT,"Workflow, Releases, CI – docs/development-setup.md & AGENTS.md (ADR-0003; migration_plan §2, §3)",ADR-0003 establishes the dual-venv strategy but does not yet provide concrete troubleshooting steps for drift between .venv and .venv2; Phase 5 workflow/development-setup work must add explicit recovery and troubleshooting procedures.
ISS-0004,working/phase1/summaries/AGENTS.summary.md,39,Manual OpenAPI regeneration remains error-prone; automation would reduce misses.,OpenAPI,RESOLVED,ADR-0004; Migration §3 (scripts/gen_openapi.py & CI enforcement),"ADR-0004 defines an AI-managed, script-centered OpenAPI regeneration workflow and the migration plan calls for centralizing schema updates via scripts/gen_openapi.py and CI checks, directly addressing the manual, error-prone regeneration risk."
ISS-0005,working/phase1/summaries/README.summary.md,43,"Setup, linting, and API-reference sections overlap with multiple `docs/to_integrate/*.md` guides—dedupe in later phases.",Duplicates,CONFLICT,Code Standards & Architecture – docs/code-style-guide.md & docs/README.md (migration_plan §2),"The migration matrix explicitly flags overlapping setup, linting, and command-reference content between README and docs/to_integrate/*, to be merged into code-style-guide, testing-guide, workflow-and-ci, and docs/README; this remains planned Phase 3–5 deduplication work rather than already executed resolution."
ISS-0006,working/phase1/summaries/README.summary.md,44,OpenAPI and health check details repeat information already kept in schema + lifecycle doc; risk of inconsistencies.,Duplicates,CONFLICT,"Code Standards & Architecture – docs/LIFECYCLE.md, docs/api.md, README.md (migration_plan §2, §4)","The plan calls out splitting lifecycle vs. API vs. overview content—moving endpoint and health-check specifics into docs/api.md and architecture.md while keeping lifecycle details in docs/LIFECYCLE.md—because current duplication across README, LIFECYCLE, and schema remains a red flag to be resolved in future phases."
ISS-0007,working/phase1/summaries/README.summary.md,45,"No explicit mention of dual-venv nuance described in `AGENTS.md`, so new contributors may miss important context.",Env,CONFLICT,"Workflow, Releases, CI – README.md & docs/development-setup.md (ADR-0003; migration_plan §2, §5)","ADR-0003 and AGENTS.md define the dual-venv model but the root README does not yet highlight this, leaving a documentation gap for new contributors; the migration plan schedules README and development-setup refreshes to surface dual-venv behavior, so this remains an open alignment task."
ISS-0008,working/phase1/summaries/README.summary.md,46,"“Future steps” blur current vs planned capabilities, potentially misleading readers about what exists today.",Staleness,CONFLICT,"Workflow, Releases, CI – README.md & docs/README.md (migration_plan §2, §6)","The migration plan notes that README and docs/README will be refreshed in a later ‘hygiene’ phase once the new docs IA is in place; until that work is done, forward-looking “future steps” content risks drifting from reality and needs to be tightened to reflect only current capabilities."
ISS-0009,working/phase1/summaries/docs/LIFECYCLE.summary.md,40,Heavy dependence on future Phase 2 work increases staleness risk if not promptly updated.,Staleness,CONFLICT,"Code Standards & Architecture & Workflow, Releases, CI – docs/LIFECYCLE.md tied to future Phase 2+ work (migration_plan §4, §5, §6)","LIFECYCLE.md is scheduled for refocus and splitting into architecture/api/lifecycle targets once later phases land, but currently leans on not-yet-completed Phase 2+ changes; this dependency on future work is a known red flag the migration plan tracks rather than something already fixed."
ISS-0010,working/phase1/summaries/docs/LIFECYCLE.summary.md,41,Health check guidance overlaps with README and schema docs; divergence likely without consolidation.,Health,CONFLICT,Code Standards & Architecture – docs/LIFECYCLE.md vs. README.md & OpenAPI schema (migration_plan §2 ‘API and Architecture group’),"The migration plan’s API and Architecture red-flag section explicitly calls out conflicting health-endpoint guidance across LIFECYCLE, API-pattern docs, and schema; consolidating under docs/api.md and an updated LIFECYCLE is planned but not yet executed, so divergence risk remains to be resolved by the Code Standards & Architecture theme."
ISS-0011,working/phase1/summaries/docs/LIFECYCLE.summary.md,42,Error handling for TOML parsing or MCP initialization is only implied—no explicit remediation guidance.,Gaps,CONFLICT,Code Standards & Architecture,"docs/LIFECYCLE.md lacks explicit remediation steps for TOML parsing or MCP initialization failures; migration plan keeps LIFECYCLE as a canonical doc, so concrete error-handling guidance must be added and aligned with settings and factory code in later phases."
ISS-0012,working/phase1/summaries/docs/LIFECYCLE.summary.md,43,"Cache implementation details live elsewhere (`app/core/settings.py`), so readers may miss nuance without cross-reference.",Gaps,CONFLICT,Code Standards & Architecture,"Cache behavior is described in docs/LIFECYCLE.md but implemented in app/core/settings.py, creating a documentation/code gap; Phase 3 architecture work must either add cross-references or move cache details into the canonical architecture/lifecycle docs."
ISS-0013,working/phase1/summaries/docs/TEST.summary.md,42,Scope overlap with `docs/TESTING_ARCHITECTURE.md`—distinguish “how” vs “why” or merge carefully.,Duplicates,CONFLICT,Testing & E2E,"docs/TEST.md and docs/TESTING_ARCHITECTURE.md currently overlap on test tiers and structure; migration plan explicitly merges both into docs/testing-guide.md, so this duplication must be resolved during the Testing & E2E phase."
ISS-0014,working/phase1/summaries/docs/TEST.summary.md,43,"Fixture instructions duplicate details already encoded in code (`tests/conftest.py`), risking drift.",Duplicates,CONFLICT,Testing & E2E,"Fixture instructions in docs/TEST.md repeat behavior encoded in tests/conftest.py, risking divergence; testing-guide consolidation needs to reduce fixture prose to high-level patterns and defer specifics to code."
ISS-0015,working/phase1/summaries/docs/TEST.summary.md,44,Component test guidance stops short of true E2E once real MCP subprocess support ships.,Gaps,CONFLICT,Testing & E2E,"Current component test guidance stops before true end-to-end flows with real MCP subprocesses; ADR-0006 and the migration plan call for E2E/Testcontainers, so testing-guide must be expanded once subprocess support ships."
ISS-0016,working/phase1/summaries/docs/TEST.summary.md,45,Potential conflicts with `docs/to_integrate/TEST_*.md` series that may contain divergent advice.,Conflicts,CONFLICT,Testing & E2E,"docs/TEST.md may conflict with the legacy docs/to_integrate/TEST_*.md series; migration plan routes all TEST_* into docs/testing-guide.md, where divergent advice must be reconciled into a single canonical testing strategy."
ISS-0017,working/phase1/summaries/docs/TESTING_ARCHITECTURE.summary.md,39,Reiterates information already present in `docs/TEST.md`; ensure boundaries between rationale vs execution remain clear.,Duplicates,CONFLICT,Testing & E2E,"docs/TESTING_ARCHITECTURE.md reiterates guidance already present in docs/TEST.md; when both are merged into docs/testing-guide.md, content has to be refactored to separate rationale from execution details without repeating the same rules."
ISS-0018,working/phase1/summaries/docs/TESTING_ARCHITECTURE.summary.md,40,Historical note about `app/tests/` could confuse newcomers who never saw that layout; consider moving to a “history” appendix.,Staleness,CONFLICT,Testing & E2E,The historical note about prior app/tests/ placement in docs/TESTING_ARCHITECTURE.md is legacy-only and can confuse new contributors; during testing-guide consolidation this history should be demoted to an appendix or trimmed to avoid staleness.
ISS-0019,working/phase1/summaries/docs/TESTING_ARCHITECTURE.summary.md,41,"Lacks guidance on exceptional cases (e.g., when an `__init__.py` might still be necessary for namespace packages).",Gaps,CONFLICT,Testing & E2E,docs/TESTING_ARCHITECTURE.md does not cover edge cases such as when __init__.py is still needed for namespace packages; testing-guide work needs to add brief guidance on these exceptional situations to prevent confusion with pytest discovery.
ISS-0020,working/phase1/summaries/docs/to_integrate/api-patterns-guide.summary.md,77,"Major overlap with STYLE_6 on layered architecture, DI, and error handling; maintaining both separately risks drift.",Duplicates,CONFLICT,Code Standards & Architecture,"The to_integrate api-patterns-guide overlaps heavily with STYLE_6 on layered architecture, DI, and error handling; migration_plan maps both into docs/api.md and docs/code-style-guide.md, where overlapping sections must be merged into a single, drift-resistant narrative."
ISS-0021,working/phase1/summaries/docs/to_integrate/api-patterns-guide.summary.md,78,"Significant conceptual overlap with `fastapi-best-practices.md`, especially around clean architecture and SOLID ideas.",Duplicates,CONFLICT,Code Standards & Architecture,"fastapi-best-practices content and api-patterns-guide both target the same canonical docs (docs/api.md, docs/code-style-guide.md) per Migration §2; overlap in clean architecture/SOLID guidance must be reconciled by the Code Standards & Architecture phase to avoid duplicate or conflicting advice."
ISS-0022,working/phase1/summaries/docs/to_integrate/api-patterns-guide.summary.md,79,"Assumes SQLAlchemy, DB sessions, and repository abstractions that the current project does not yet use.",Gaps,CONFLICT,Code Standards & Architecture,api-patterns-guide assumes SQLAlchemy sessions and repository abstractions that the current service does not implement; this creates a conceptual gap between guidance and code that must be resolved when consolidating into docs/api.md and architecture decisions in later phases.
ISS-0023,working/phase1/summaries/docs/to_integrate/api-patterns-guide.summary.md,80,Describes routers/services/repositories and complex DI chains while current endpoints still use hardcoded data and minimal services.,Conflicts,CONFLICT,Code Standards & Architecture,The guide’s routers/services/repositories layering and complex DI chains conflict with the current minimal endpoint implementation; Phase 3 architecture and API docs need to choose and document a single authoritative structure for these patterns.
ISS-0024,working/phase1/summaries/docs/to_integrate/api-patterns-guide.summary.md,81,Frontend/TanStack Query alignment is assumed but not yet part of this repo’s actual scope.,Staleness,CONFLICT,"Workflow, Releases, CI",Assumptions about a frontend/TanStack Query integration are out of scope for the current backend-only repo; this forward-looking guidance must either be explicitly scoped or trimmed when merging into docs/api.md and higher-level workflow docs so it does not mislead contributors.
ISS-0025,working/phase1/summaries/docs/to_integrate/api-patterns-guide.summary.md,82,"Domain examples (`Project`, `User`) do not match the MCP metadata domain, making direct copy-paste misleading.",Naming,CONFLICT,Code Standards & Architecture,Domain examples using Project/User clash with the actual MCP metadata domain; when migrating api-patterns-guide into docs/api.md the examples must be renamed and aligned to the metadata concepts to avoid confusing or misleading copy-paste usage.
ISS-0026,working/phase1/summaries/docs/to_integrate/api-patterns-guide.summary.md,83,"No concrete custom exception hierarchy (`DomainError`, `NotFoundError`, etc.) exists in the codebase yet.",Gaps,CONFLICT,Migration §3. Migration Matrix (Non-Documentation Files),"The guide assumes a custom exception hierarchy (DomainError, NotFoundError etc.) that does not yet exist; the migration plan explicitly calls for introducing app/core/errors.py with centralized error types, so this gap must be resolved during the Code Standards & Architecture phase."
ISS-0027,working/phase1/summaries/docs/to_integrate/api-patterns-guide.summary.md,84,"Pagination patterns (`Paginated[T]`, `page`/`pageSize`) are not implemented in current routes (e.g., `/fetch` just returns a list).",Gaps,CONFLICT,Code Standards & Architecture,Pagination types and query parameters described in api-patterns-guide are not implemented in current routes; future API and architecture work needs to either implement these patterns or adjust the guidance in docs/api.md to match the actual fetch contract.
ISS-0028,working/phase1/summaries/docs/to_integrate/api-patterns-guide.summary.md,85,"Testing recommendations (TestClient, dependency overrides) need to be aligned with existing pytest fixtures and docs.",Testing,CONFLICT,Testing & E2E,"Testing advice in api-patterns-guide (TestClient usage, dependency overrides) must be reconciled with the centralized testing strategy in docs/testing-guide.md and existing pytest fixtures; Phase 4 Testing & E2E owns aligning these patterns and removing contradictions."
ISS-0029,working/phase1/summaries/docs/to_integrate/api-patterns-guide.summary.md,86,"Versioning guidance partially duplicates what is already done (`/api/v1` metadata router), so future edits must avoid contradictions.",Versioning,CONFLICT,"Workflow, Releases, CI",Versioning guidance in api-patterns-guide overlaps with actual router versioning (/api/v1) and upcoming docs/releases-and-versioning.md; future edits must ensure a single authoritative story on versioning to prevent duplicated or divergent rules.
ISS-0030,working/phase1/summaries/docs/to_integrate/architecture-overview.summary.md,38,Empty placeholder blocks having a single authoritative architecture overview.,Gaps,CONFLICT,Code Standards & Architecture,"architecture-overview and related placeholders need to be merged into a single canonical docs/architecture.md per the migration matrix; until that consolidation happens, empty or partially duplicated blocks represent a gap in having one authoritative architecture overview."
ISS-0031,working/phase1/summaries/docs/to_integrate/architecture-overview.summary.md,39,Unclear whether this should be a concise high-level overview or a detailed deep-dive.,Gaps,CONFLICT,Code Standards & Architecture,"Architecture-overview is slated to merge into docs/architecture.md per migration plan, but the plan does not yet specify whether that target should be a high-level overview or a deep-dive, so Phase 3 needs to define the appropriate depth and scope to avoid future confusion."
ISS-0032,working/phase1/summaries/docs/to_integrate/architecture-overview.summary.md,40,Scope overlaps with other architecture/patterns docs and may cause duplication once filled.,Duplicates,CONFLICT,Code Standards & Architecture,"The migration plan calls for merging architecture-overview into docs/architecture.md alongside content from LIFECYCLE and other sources, but it does not fully detail how to de-duplicate overlapping architecture and patterns content, so Phase 3 must resolve scope overlap to prevent duplicate or divergent guidance."
ISS-0033,working/phase1/summaries/docs/to_integrate/architecture-overview.summary.md,41,No indication of how this document should relate to STYLE_6’s layered architecture guidance.,Conflicts,CONFLICT,Code Standards & Architecture,"STYLE_6 and architecture-overview are both feeding into docs/architecture.md per the migration matrix, yet there is no explicit guidance on how STYLE_6’s layered architecture rules should relate to or constrain the overview narrative; Phase 3 needs to reconcile and align these sources to avoid conflicting architectural guidance."
ISS-0034,working/phase1/summaries/docs/to_integrate/architecture-overview.summary.md,42,Team may reference this file expecting guidance but find only filler content.,Staleness,CONFLICT,Code Standards & Architecture,"Architecture-overview is being migrated into docs/architecture.md but currently contains placeholder/filler content; Phase 3 must replace this with substantive, accurate architecture material so the new canonical doc does not mislead readers expecting real guidance."
ISS-0035,working/phase1/summaries/docs/to_integrate/changesets-guide.summary.md,53,"Changesets tooling (`uv run changeset`, `uv run version-packages`, `uv run release`) may not yet be implemented in `pyproject.toml` `[tool.uv.scripts]` or `tools/`.",Versioning,RESEARCH,Versioning & Releases,"Changesets-based workflows (uv run changeset/version-packages/release) are referenced in the planned docs/releases-and-versioning.md but are not yet fully designed or wired into pyproject.toml and tools/, so further research into recommended changesets tooling and uv integration is needed before implementation."
ISS-0036,working/phase1/summaries/docs/to_integrate/changesets-guide.summary.md,54,"The `.changeset/` directory may be missing, despite the guide assuming it exists and is used in all feature and bugfix PRs.",Gaps,CONFLICT,"Workflow, Releases, CI","The migration plan maps changesets-guide into docs/releases-and-versioning.md but does not confirm presence or usage of a .changeset/ directory; Phase 5 must decide whether to adopt changesets, provision the directory, and update workflow-and-ci to match, resolving the gap between documented expectations and the current repo layout."
ISS-0037,working/phase1/summaries/docs/to_integrate/changesets-guide.summary.md,55,"Overlap with `docs/to_integrate/git-workflow.md` where commit conventions and release tagging are discussed separately, risking divergence.",Duplicates,CONFLICT,"Workflow, Releases, CI","Both git-workflow and changesets-guide content are being consolidated into workflow-and-ci.md and releases-and-versioning.md per the migration plan, but their overlapping sections on commit conventions and release tagging still require explicit de-duplication and a single canonical source to prevent divergence."
ISS-0038,working/phase1/summaries/docs/to_integrate/changesets-guide.summary.md,56,CI enforcement that fails PRs touching `app/` or `tools/` without changesets is recommended but not obviously configured in `.github/` workflows.,Testing,CONFLICT,"Workflow, Releases, CI",The migration plan anticipates stronger CI alignment but does not yet define a concrete enforcement that PRs touching app/ or tools/ require changesets; Phase 5 must decide whether and how to add CI or pre-commit checks for changeset presence and document this in workflow-and-ci.md and releases-and-versioning.md.
ISS-0039,working/phase1/summaries/docs/to_integrate/changesets-guide.summary.md,57,"Publishing workflow with `uv build` and `uv publish` is described without detailing how to configure credentials, indexes, or secrets.",Versioning,RESEARCH,CI/CD Automation,"The future releases-and-versioning doc and migration plan reference uv build and uv publish flows, but there is no detailed guidance on configuring registries, credentials, or secrets, so additional research into secure uv publishing practices and typical CI integration patterns is required before documenting or implementing them."
ISS-0040,working/phase1/summaries/docs/to_integrate/changesets-guide.summary.md,58,"No guidance on handling pre-release versions (e.g., `1.0.0-alpha.1`), build metadata (e.g., `1.0.0+build.123`), or version conflicts.",Versioning,RESEARCH,Versioning & Releases,"The planned releases-and-versioning guide will centralize versioning behavior, yet it does not currently define policies for pre-release identifiers, build metadata, or conflict resolution strategies; research into semantic versioning best practices and changesets support for these cases is needed to finalize the versioning model."
ISS-0041,working/phase1/summaries/docs/to_integrate/changesets-guide.summary.md,59,The dependency version drift section refers to context7-based lookup without explaining the actual usage pattern or any local tooling for it.,Gaps,RESEARCH,Versioning & Releases,"Needs clearer, researched explanation of how context7-based dependency version lookup is actually used in this repo and how it integrates with local tooling, releases-and-versioning, and workflow-and-ci."
ISS-0042,working/phase1/summaries/docs/to_integrate/changesets-guide.summary.md,60,"The guide notes the repo is not a monorepo but still hints at multi-package coordination, which could confuse contributors.",Conflicts,CONFLICT,"Workflow, Releases, CI",Changesets guide messaging about non-monorepo status vs. hints of multi-package coordination must be reconciled during consolidation into docs/releases-and-versioning.md so contributor expectations about repo structure are unambiguous.
ISS-0043,working/phase1/summaries/docs/to_integrate/changesets-guide.summary.md,61,"Mentions `uv sync` and other setup commands that may already be described in `README.md`, leading to duplicated setup guidance.",Duplicates,CONFLICT,Migration §2 – docs/to_integrate/changesets-guide.md → docs/releases-and-versioning.md,Setup commands like `uv sync` already live in the root README and development-setup; overlapping guidance in the changesets guide should be deduplicated or trimmed when migrated into the canonical versioning doc.
ISS-0044,working/phase1/summaries/docs/to_integrate/changesets-guide.summary.md,62,"Tagging instructions (e.g., `git tag -a v1.3.0`) may conflict with or duplicate tagging guidance in `docs/to_integrate/git-workflow.md`.",Conflicts,CONFLICT,"Migration §2 – changesets-guide.md and git-workflow.md → docs/releases-and-versioning.md, docs/workflow-and-ci.md","Tagging instructions in the changesets guide and git-workflow need to be unified so there is a single, trunk-based, ADR-0002-aligned tagging story across workflow-and-ci and releases-and-versioning."
ISS-0045,working/phase1/summaries/docs/to_integrate/development-workflow.summary.md,45,"Significant overlap with `README.md` ""Code Quality"" section, which already describes `uv run lint`, formatting, and pre-commit hooks.",Duplicates,CONFLICT,Migration §2 – development-workflow.md → docs/workflow-and-ci.md; README.md refresh,"Development workflow content that reiterates code quality commands (`uv run lint`, formatting, pre-commit) overlaps with the README Code Quality section and must be consolidated into workflow-and-ci with README kept as a shorter entry point."
ISS-0046,working/phase1/summaries/docs/to_integrate/development-workflow.summary.md,46,"Overlap with `docs/to_integrate/git-workflow.md` around the ""run checks before commit"" step; they disagree on whether to exclude E2E tests in the default loop.",Conflicts,CONFLICT,"Phase Theme: Testing & E2E and Workflow, Releases, CI","Development-workflow and git-workflow disagree on whether E2E tests are part of the default local loop; this needs a single, testing-guide- and workflow-and-ci-aligned position on when E2E runs are required."
ISS-0047,working/phase1/summaries/docs/to_integrate/development-workflow.summary.md,47,"References `uv run mcp-setup` without explaining what it does or where it is defined, even though initial setup is described in `README.md`.",Gaps,CONFLICT,Migration §2 – development-workflow.md → docs/workflow-and-ci.md; README.md,Reference to `uv run mcp-setup` must be aligned with the description already in README and clearly documented in workflow-and-ci so contributors know what the script does and when to use it.
ISS-0048,working/phase1/summaries/docs/to_integrate/development-workflow.summary.md,48,Describes pre-commit as lint-only while some sections imply broader automation; this must stay aligned with `.pre-commit-config.yaml`.,Conflicts,CONFLICT,"ADR-0005; Migration §2 – development-workflow.md and linting-guide.md → docs/workflow-and-ci.md, docs/code-style-guide.md",Pre-commit is described as lint-only in some places but implied to run broader automation elsewhere; guidance must be reconciled with the actual `.pre-commit-config.yaml` and Ruff-centric ADR-0005 decisions.
ISS-0049,working/phase1/summaries/docs/to_integrate/development-workflow.summary.md,49,Mandates regenerating OpenAPI on API changes but does not explain how to validate the generated schema or handle generation failures.,OpenAPI,RESOLVED,ADR-0004; README.md OpenAPI section,"ADR-0004 and the updated README already define when and how to run `uv run gen_openapi` and treat `openapi/openapi.json` as canonical, clarifying regeneration responsibilities even if validation/failure-handling details can be refined later."
ISS-0050,working/phase1/summaries/docs/to_integrate/development-workflow.summary.md,50,"Encourages TDD and mirroring `app/` in `tests/` but `docs/TESTING_ARCHITECTURE.md` may already define a more precise structure, risking conflicting advice.",Conflicts,CONFLICT,Migration §2 – development-workflow.md and TEST_* → docs/testing-guide.md,Development-workflow’s generic TDD-and-mirroring advice must be reconciled with the more precise structure and tiers already codified in docs/TESTING_ARCHITECTURE.md and the planned unified docs/testing-guide.md to avoid conflicting testing structure guidance.
ISS-0051,working/phase1/summaries/docs/to_integrate/development-workflow.summary.md,51,"Provides debugging tips but omits common issues like dependency conflicts, environment setup, or Docker-related problems, leaving gaps for new contributors.",Gaps,CONFLICT,"Workflow, Releases, CI","The development-workflow doc’s incomplete debugging guidance is not directly resolved by the migration plan or ADRs; conflict_backlog already tracks this as a Workflow/Releases/CI concern, and future workflow-and-ci/development-setup docs must explicitly fill gaps around dependency, environment, and Docker troubleshooting."
ISS-0052,working/phase1/summaries/docs/to_integrate/development-workflow.summary.md,52,"Does not document how to run specific test markers (unit, integration, component, e2e), despite other docs describing these tiers.",Testing,RESEARCH,Testing Patterns,"How to document and structure pytest markers for unit, integration, component, and e2e tiers is not fixed by ADR-0006 or the migration matrices and is partly called out in the research backlog around marker strategy; it needs deliberate testing-pattern design (including which markers to expose and how developers should run them)."
ISS-0053,working/phase1/summaries/docs/to_integrate/development-workflow.summary.md,53,References AGENTS.md for agent-specific workflow without clarifying how that interacts with the general development loop.,Conflicts,CONFLICT,"Workflow, Releases, CI","Conflict_backlog flags this as a Workflow/Releases/CI issue: development-workflow and AGENTS.md are both being refreshed but the migration plan does not yet define how agent-specific instructions integrate with the general dev loop, so their relationship must be clarified during Phase 5 workflow-and-ci and AGENTS updates."
ISS-0054,working/phase1/summaries/docs/to_integrate/development-workflow.summary.md,54,"Requires documentation updates alongside workflow changes but does not specify which docs (README, TEST docs, workflow docs) to touch, which can lead to inconsistency.",Conflicts,CONFLICT,"Workflow, Releases, CI","Already tracked in conflict_backlog as a Workflow/Releases/CI concern: the migration plan says development-workflow and git-workflow will be merged into docs/workflow-and-ci.md, but it does not yet codify a single rule for which docs (README, testing-guide, workflow-and-ci) must be updated together when workflows change, so this coordination policy needs manual definition."
ISS-0055,working/phase1/summaries/docs/to_integrate/fastapi-best-practices.summary.md,95,"Extensive overlap with `api-patterns-guide.md` on clean architecture, DI, layering, and testing; unmanaged duplication would be hard to maintain.",Duplicates,CONFLICT,Code Standards & Architecture,"Conflict_backlog explicitly notes duplication between fastapi-best-practices and api-patterns-guide on architecture, DI, layering, and testing; the migration plan only states that content will be merged into docs/api.md and docs/code-style-guide.md, so deduplication and clear scoping between these targets remains unresolved Code Standards & Architecture work."
ISS-0056,working/phase1/summaries/docs/to_integrate/fastapi-best-practices.summary.md,96,"Significant overlap with STYLE_6 for layered architecture and SRP/DIP, increasing the risk of conflicting advice.",Duplicates,CONFLICT,Code Standards & Architecture,"Significant overlap between fastapi-best-practices and STYLE_6 on layered architecture, SRP, and DIP is recorded in the conflict_backlog; although both feed into docs/code-style-guide.md and docs/api.md, the plan does not specify how to reconcile them, so this is a Code Standards & Architecture consolidation conflict rather than already resolved."
ISS-0057,working/phase1/summaries/docs/to_integrate/fastapi-best-practices.summary.md,97,"Many recommendations depend on infrastructure (DB, Redis, Celery, JWT/auth stack, observability stack) that does not exist in this repo yet.",Conflicts,CONFLICT,Code Standards & Architecture,"Conflict_backlog calls out that infra-heavy assumptions in fastapi-best-practices (DB, Redis, Celery, JWT/auth, observability) do not match the current repo; the migration plan merges this content into API/style docs without scoping those sections, so future architectural doc work must trim or clearly mark them as aspirational to avoid misrepresenting actual capabilities."
ISS-0058,working/phase1/summaries/docs/to_integrate/fastapi-best-practices.summary.md,98,"Authentication and RBAC sections are advanced and may be premature for current unauthenticated, stub endpoints.",Conflicts,CONFLICT,Code Standards & Architecture,"Authentication and RBAC guidance from fastapi-best-practices is slated to flow into docs/api.md and docs/code-style-guide.md, but ADRs and the migration plan do not decide whether to include, soften, or defer this advanced material for an unauthenticated service; conflict_backlog flags this mismatch as a Code Standards & Architecture decision still needing manual resolution."
ISS-0059,working/phase1/summaries/docs/to_integrate/fastapi-best-practices.summary.md,99,Celery and task queue patterns assume long-running/background work not yet defined in this project.,Conflicts,CONFLICT,Code Standards & Architecture,"Celery/task-queue recommendations in fastapi-best-practices assume background work that this project does not yet have; conflict_backlog notes that no ADR or migration rule addresses them, so when content is merged into docs/api.md and docs/code-style-guide.md someone must explicitly remove, de-emphasize, or future-scope these sections to keep docs aligned with reality."
ISS-0060,working/phase1/summaries/docs/to_integrate/fastapi-best-practices.summary.md,100,"Middleware and gateway optimizations (rate limiting, compression, HTTP/2 tuning) may be unnecessary overhead at current scale.",Conflicts,CONFLICT,Code Standards & Architecture,"Middleware and gateway tuning advice (rate limiting, compression, HTTP/2) from fastapi-best-practices is planned to be merged into API/architecture docs, but conflict_backlog highlights that the migration plan does not define what is appropriate at the project’s current scale; this requires manual curation during Code Standards & Architecture work to avoid prescribing unnecessary overhead."
ISS-0061,working/phase1/summaries/docs/to_integrate/fastapi-best-practices.summary.md,101,"Memory and concurrency deep dives (GIL behavior, pools, zero-copy, tracemalloc) might overwhelm readers at this project’s maturity level.",Gaps,CONFLICT,Code Standards & Architecture,Advanced memory/concurrency deep dives in fastapi-best-practices need to be right-sized or deferred when merging into docs/api.md and docs/code-style-guide.md so guidance matches the broker’s early lifecycle phase and doesn’t overwhelm readers.
ISS-0062,working/phase1/summaries/docs/to_integrate/fastapi-best-practices.summary.md,102,"Uses generic domains (users/items/movies) rather than the MCP metadata domain, so examples require translation.",Conflicts,CONFLICT,Code Standards & Architecture,Generic users/items/movies examples in fastapi-best-practices must be reconciled with the MCP metadata domain during migration to docs/api.md so examples and terminology match the project’s actual contracts.
ISS-0063,working/phase1/summaries/docs/to_integrate/fastapi-best-practices.summary.md,103,"Testing recommendations (pytest + TestClient + fixtures) should be reconciled with existing `docs/TEST.md`, `docs/TESTING_ARCHITECTURE.md`, and `tests/conftest.py`.",Conflicts,CONFLICT,Testing & E2E,"Testing advice in fastapi-best-practices conflicts/overlaps with existing docs/TEST.md, docs/TESTING_ARCHITECTURE.md, and tests/conftest.py and must be unified when everything is consolidated into docs/testing-guide.md per the migration plan."
ISS-0064,working/phase1/summaries/docs/to_integrate/fastapi-best-practices.summary.md,104,"Observability advice assumes external services (Prometheus, OpenTelemetry, Sentry/Honeycomb) not present in this repo, which could mislead implementers.",Staleness,CONFLICT,Code Standards & Architecture,Observability recommendations that assume Prometheus/OpenTelemetry/Sentry/Honeycomb infrastructure are ahead of what this repo provides and must be either clearly scoped as future work or trimmed when merging fastapi-best-practices into the canonical docs.
ISS-0065,working/phase1/summaries/docs/to_integrate/git-workflow.summary.md,41,Overlap with `docs/to_integrate/development-workflow.md` where both describe running `uv run lint` and pytest before committing; they differ on whether to exclude E2E tests by default.,Duplicates,CONFLICT,"Workflow, Releases, CI","git-workflow and development-workflow both describe uv run lint and pytest with differing expectations about E2E-by-default; this duplication must be resolved when they are merged into docs/workflow-and-ci.md so there is a single, consistent pre-commit testing story."
ISS-0066,working/phase1/summaries/docs/to_integrate/git-workflow.summary.md,42,"Overlap with `README.md` ""Code Quality"" section, which also explains pre-commit hooks and `uv run lint`, risking duplicated guidance.",Duplicates,CONFLICT,"Workflow, Releases, CI",git-workflow overlaps with the root README Code Quality section on pre-commit hooks and uv run lint; Phase 5 workflow-and-ci work must dedupe and decide which document owns the authoritative description.
ISS-0067,working/phase1/summaries/docs/to_integrate/git-workflow.summary.md,43,References to an `e2e` pytest marker (`pytest -m e2e`) that may not be configured in `pyproject.toml`.,Testing,RESEARCH,Testing Patterns,The recommended pytest -m e2e marker in git-workflow needs investigation against current pyproject.toml and test layout to decide whether to add/configure the marker or adjust the docs to reflect the actual E2E test strategy.
ISS-0068,working/phase1/summaries/docs/to_integrate/git-workflow.summary.md,44,Mentions of Coderabbit and Macroscope as mandatory CI checks without visible configuration in `.github/` workflows.,Health,RESEARCH,CI/CD Automation,Claims that Coderabbit and Macroscope are mandatory CI checks are not backed by visible .github configuration; CI setup and available review tools must be researched so workflow-and-ci can accurately describe real automated review gates.
ISS-0069,working/phase1/summaries/docs/to_integrate/git-workflow.summary.md,45,Sonar is treated as a required PR check but there is no obvious `sonar-project.properties` or documented Sonar setup.,Health,RESEARCH,CI/CD Automation,Sonar is treated as a required PR check without a sonar-project.properties or documented setup; further investigation is needed to decide whether to introduce Sonar config or remove/soften those requirements in workflow-and-ci and releases-and-versioning.
ISS-0070,working/phase1/summaries/docs/to_integrate/git-workflow.summary.md,46,"Conventional Commits are required for final squashed commits, yet no automated enforcement (e.g., commitlint) is documented.",Conflicts,CONFLICT,"Workflow, Releases, CI",Git workflow docs require Conventional Commits for final squashed commits but the repo has no documented commitlint/automation; Phase 5 workflow-and-ci and releases-and-versioning work must either add enforcement or align expectations with the actual tooling.
ISS-0071,working/phase1/summaries/docs/to_integrate/git-workflow.summary.md,47,Guidance recommends `--force-with-lease` but does not elaborate on risks of force-pushing or collaboration considerations.,Gaps,CONFLICT,"Workflow, Releases, CI (docs/workflow-and-ci.md)","Git workflow guidance currently recommends `--force-with-lease` without explaining the risks and collaboration considerations of force-pushing; migration_plan.md maps git-workflow content into docs/workflow-and-ci.md, so this remains a workflow/CI documentation gap to resolve in later phases."
ISS-0072,working/phase1/summaries/docs/to_integrate/git-workflow.summary.md,48,"Assumes branch protection rules on `main` (required reviews, status checks) that are not documented in-repo.",Gaps,CONFLICT,"Workflow, Releases, CI (docs/workflow-and-ci.md)","The docs assume branch protection rules on main (required reviews, status checks) but these policies are not documented in-repo; no ADR explicitly codifies them, and migration_plan.md routes git-workflow into docs/workflow-and-ci.md, so this is an unresolved workflow/CI documentation gap."
ISS-0073,working/phase1/summaries/docs/to_integrate/git-workflow.summary.md,49,"Commit message structure is described here and again in `docs/to_integrate/changesets-guide.md`, creating potential consistency drift.",Duplicates,CONFLICT,"Workflow, Releases, CI (docs/releases-and-versioning.md)","Commit message structure is described both in git-workflow and changesets-guide, and while migration_plan.md maps git-workflow and changesets-guide into workflow-and-ci and releases-and-versioning respectively, it does not specify how to de-duplicate commit message rules, leaving a documentation conflict to be resolved in the Workflow/Releases/CI theme."
ISS-0074,working/phase1/summaries/docs/to_integrate/git-workflow.summary.md,50,Pre-commit is described as lint-only here while other docs hint at broader automation; any change to hook scope must be synchronized across docs.,Conflicts,CONFLICT,"Workflow, Releases, CI (docs/workflow-and-ci.md)","Pre-commit is framed as lint-only in git-workflow while other docs imply broader automation; ADR-0005 standardizes on Ruff but does not fully define hook scope, and migration_plan.md only says linting-guide and git-workflow will be merged into workflow-and-ci, so the discrepancy about hook responsibilities remains a workflow/CI conflict."
ISS-0075,working/phase1/summaries/docs/to_integrate/STYLE_1.summary.md,48,"**Python version conflict**: STYLE_1 targets Python 3.14+, but `README.md` tech stack section may reference 3.12+ in some places—needs reconciliation.",Conflicts,RESOLVED,"ADR-0001; Migration §3 (pyproject.toml, README.md)","Python version inconsistency between STYLE_1 and README is resolved by ADR-0001 (use Python 3.14+) and already implemented in the current README tech stack section and pyproject.toml requires-python>=3.14,<3.15, so the version conflict has been addressed by the migration work."
ISS-0076,working/phase1/summaries/docs/to_integrate/STYLE_1.summary.md,49,"**Tooling ambiguity**: STYLE_1 lists multiple options (black OR ruff, mypy OR pyright OR pyre) but `README.md` and `AGENTS.md` only mention Ruff for formatting/linting—clarify project's actual tooling choices.",Tooling,RESOLVED,Ruff Configuration,"Resolved by standardizing on Ruff and documenting the decision in docs/code-style-guide.md and README.md; mypy is added and wired into the lint pipeline as the canonical type checker."
ISS-0077,working/phase1/summaries/docs/to_integrate/STYLE_1.summary.md,50,**Type checker gap**: STYLE_1 mandates type checking in CI but `README.md` and `AGENTS.md` don't mention running mypy/pyright—determine if type checking is actually enforced.,Tooling,RESOLVED,Testing Patterns,"Resolved by adding mypy as a dev dependency, configuring mypy.ini, and extending scripts/lint.py and pre-commit to run mypy alongside Ruff, ensuring type checking is enforced locally and in CI via uv run lint."
ISS-0079,working/phase1/summaries/docs/to_integrate/STYLE_1.summary.md,52,**Line length consistency**: Verify that `pyproject.toml` and Ruff configuration actually enforce 120-char limit mentioned in STYLE_1.,Conflicts,RESOLVED,Code Standards & Architecture (docs/code-style-guide.md); ADR-0005,"Resolved by codifying a 100-character line length in docs/code-style-guide.md and updating README/AGENTS references; Ruff remains configured with line-length=100, and STYLE_1's 120-character guidance is retired along with the STYLE_* docs."
ISS-0079,working/phase1/summaries/docs/to_integrate/STYLE_1.summary.md,52,**Line length consistency**: Verify that `pyproject.toml` and Ruff configuration actually enforce 120-char limit mentioned in STYLE_1.,Conflicts,CONFLICT,Code Standards & Architecture (docs/code-style-guide.md); ADR-0005,"STYLE_1 mentions a 120-character line length but pyproject.toml configures Ruff with line-length=100; this is a concrete, in-repo discrepancy between documented style and enforced tooling that must be reconciled in the code-style-guide and Ruff configuration under the Code Standards & Architecture theme."
ISS-0080,working/phase1/summaries/docs/to_integrate/STYLE_1.summary.md,53,**Import sorting**: STYLE_1 mentions isort or Ruff but `README.md` only mentions Ruff—confirm Ruff handles import sorting.,Gaps,RESOLVED,ADR-0005; pyproject.toml [tool.ruff.lint],"STYLE_1 mentions isort or Ruff for import sorting, while README only mentions Ruff; ADR-0005 standardizes on Ruff and pyproject.toml enables Ruff with I-select (import rules), so import sorting being handled by Ruff has been decided and reflected in configuration even if some narrative docs still lag."
ISS-0081,working/phase1/summaries/docs/to_integrate/STYLE_1.summary.md,54,**Testing overlap**: STYLE_1's testing section duplicates content in `docs/TEST.md` and `docs/TESTING_ARCHITECTURE.md`—consolidate in Phase 2.,Duplicates,CONFLICT,Code Standards & Architecture,"STYLE_1 testing guidance duplicates docs/TEST.md and docs/TESTING_ARCHITECTURE.md; migration_plan.md assigns all STYLE_* docs plus TEST docs into consolidated docs/code-style-guide.md and docs/testing-guide.md under the Code Standards & Architecture and Testing & E2E themes, so this overlap must be manually resolved during consolidation."
ISS-0082,working/phase1/summaries/docs/to_integrate/STYLE_1.summary.md,55,**Lazy annotations**: STYLE_1 discusses PEP 649 implications but doesn't provide concrete examples of runtime introspection patterns—may need expansion.,Gaps,RESEARCH,Python 3.14+ Features,"STYLE_1 calls out PEP 649 lazy annotations but lacks concrete runtime introspection examples; addressing this requires researching idiomatic Python 3.14+ annotation usage and examples (e.g., annotation evaluation semantics and recommended patterns) rather than just reconciling existing docs."
ISS-0083,working/phase1/summaries/docs/to_integrate/STYLE_2.summary.md,44,"**Overlap with STYLE_1**: Significant content duplication with `docs/to_integrate/STYLE_1.md` on typing, annotations, and Python 3.14 features—consolidate in Phase 2.",Duplicates,CONFLICT,Code Standards & Architecture,"STYLE_2 significantly overlaps STYLE_1 on typing and Python 3.14 annotation guidance; migration_plan.md explicitly merges STYLE_1 and STYLE_2 into docs/code-style-guide.md in the Code Standards & Architecture theme, so the duplication must be resolved during that consolidation."
ISS-0084,working/phase1/summaries/docs/to_integrate/STYLE_2.summary.md,45,"**Draft status**: Document appears to be a conversion/adaptation rather than finalized guidance (""if you like, I can generate[ELIDED]"").",Staleness,CONFLICT,Code Standards & Architecture,"STYLE_2 is a draft/partially converted style doc; migration_plan.md treats STYLE_* as sources to merge and clean into docs/code-style-guide.md, so this draft status needs manual resolution and editing as part of the Code Standards & Architecture phase."
ISS-0085,working/phase1/summaries/docs/to_integrate/STYLE_2.summary.md,46,**Missing examples**: No concrete examples of `annotationlib.get_annotations()` usage or runtime introspection patterns.,Gaps,RESEARCH,Python 3.14+ Features,The missing concrete examples of annotationlib.get_annotations() and runtime introspection patterns in STYLE_2 represent a knowledge gap; filling it requires researching Python 3.14’s annotationlib and best-practice patterns for runtime annotation inspection.
ISS-0086,working/phase1/summaries/docs/to_integrate/STYLE_2.summary.md,47,**TypeScript heritage**: Some phrasing suggests direct translation from TypeScript docs rather than Python-native guidance.,Staleness,CONFLICT,Code Standards & Architecture,"STYLE_2’s TypeScript-derived phrasing indicates non-idiomatic and partially stale guidance; as STYLE_* docs are merged into docs/code-style-guide.md under Code Standards & Architecture, this heritage needs manual rewriting to match Python-native style."
ISS-0087,working/phase1/summaries/docs/to_integrate/STYLE_2.summary.md,48,**Incomplete coverage**: Focuses narrowly on annotation decisions without broader style context covered in STYLE_1.,Gaps,CONFLICT,Code Standards & Architecture,"STYLE_2 focuses narrowly on annotations and omits broader style context already covered by STYLE_1; during the STYLE_* → docs/code-style-guide.md consolidation, this imbalance must be resolved so that STYLE_2’s content is integrated without leaving fragmented or partial guidance."
ISS-0088,working/phase1/summaries/docs/to_integrate/STYLE_2.summary.md,49,"**No conflict with existing docs**: Unlike STYLE_1, doesn't introduce tooling or conventions that contradict `README.md`/`AGENTS.md`.",Other,RESOLVED,Migration §2 – STYLE_* → docs/code-style-guide.md,"The fact that STYLE_2 does not conflict with README/AGENTS tooling guidance is already accounted for in migration_plan.md, which merges STYLE_2 into docs/code-style-guide.md while deferring to ADR-0005 and existing Ruff-based tooling decisions; no additional work beyond the planned consolidation is required."
ISS-0089,working/phase1/summaries/docs/to_integrate/STYLE_3.summary.md,51,**Overlap with to_integrate docs**: Content overlaps with `docs/to_integrate/api-patterns-guide.md` and `docs/to_integrate/fastapi-best-practices.md`—consolidate in Phase 2.,Duplicates,CONFLICT,Code Standards & Architecture,"STYLE_3 overlaps api-patterns-guide.md and fastapi-best-practices.md on FastAPI patterns and API design; migration_plan.md routes STYLE_3, api-patterns-guide, and fastapi-best-practices into docs/code-style-guide.md and docs/api.md under the Code Standards & Architecture theme, so these redundancies must be manually reconciled."
ISS-0090,working/phase1/summaries/docs/to_integrate/STYLE_3.summary.md,52,**Draft status**: Document appears to be a conversion from TypeScript guidance rather than finalized Python/FastAPI documentation.,Staleness,CONFLICT,Code Standards & Architecture,"STYLE_3 is a draft-style conversion from TypeScript guidance; migration_plan.md calls for merging STYLE_3 into docs/code-style-guide.md and docs/api.md, which will require manual editing to remove draft language and ensure the resulting FastAPI guidance is final and Python-native."
ISS-0091,working/phase1/summaries/docs/to_integrate/STYLE_3.summary.md,53,**ErrorCode mismatch**: Example `ErrorCode` enum may not match actual error handling in `app/contracts/metadata_contract.py` or `app/routes/metadata_router_v1.py`—audit existing code.,Testing,CONFLICT,Code Standards & Architecture,ErrorCode enum vs. actual error handling must be reconciled when STYLE_3 guidance is merged into docs/code-style-guide.md and API patterns are aligned with ADR-0004/ADR-0007; requires auditing app/contracts/metadata_contract.py and app/routes/metadata_router_v1.py for mismatches.
ISS-0092,working/phase1/summaries/docs/to_integrate/STYLE_3.summary.md,54,**Service layer gap**: No mention of existing `app/services/mcp_manager.py` or how it fits the service layer pattern described.,Gaps,CONFLICT,Code Standards & Architecture,STYLE_3’s service-layer description needs to be updated to explicitly account for the existing app/services/mcp_manager.py so architecture and layering guidance in docs/architecture.md and docs/code-style-guide.md match the real code.
ISS-0093,working/phase1/summaries/docs/to_integrate/STYLE_3.summary.md,55,**Router structure**: Doesn't reference existing `app/routes/metadata_router_v1.py` or explain how it aligns with recommended patterns.,Gaps,CONFLICT,Code Standards & Architecture,Router structure guidance must be reconciled with the concrete implementation in app/routes/metadata_router_v1.py when consolidating FastAPI patterns into docs/api.md and docs/code-style-guide.md.
ISS-0094,working/phase1/summaries/docs/to_integrate/STYLE_3.summary.md,56,**Async patterns**: No mention of existing async patterns in `app/main.py` or `app/services/mcp_manager.py`—verify consistency.,Conflicts,CONFLICT,Code Standards & Architecture,Async usage patterns in STYLE_3 need to be checked against actual async behavior in app/main.py and app/services/mcp_manager.py to avoid conflicting recommendations when normalizing async guidance in docs/api.md and docs/code-style-guide.md.
ISS-0095,working/phase1/summaries/docs/to_integrate/STYLE_3.summary.md,57,**TypeScript mapping table**: Mapping table is useful but may confuse Python-only developers—consider removing or moving to an appendix.,Other,CONFLICT,Code Standards & Architecture,"Decision about keeping, relocating, or dropping the TypeScript mapping table is a doc-structure/content choice to be resolved during STYLE_3 → docs/code-style-guide.md migration to avoid confusing Python-focused contributors."
ISS-0096,working/phase1/summaries/docs/to_integrate/STYLE_3.summary.md,58,**Generic naming overlap**: `TypeVar` naming guidance duplicates STYLE_1 and STYLE_2—consolidate in single style guide.,Duplicates,CONFLICT,Code Standards & Architecture,Overlapping TypeVar naming guidance across STYLE_1/STYLE_2/STYLE_3 must be deduplicated into a single canonical section in docs/code-style-guide.md per the STYLE_* consolidation plan in the migration matrix.
ISS-0097,working/phase1/summaries/docs/to_integrate/STYLE_3.summary.md,59,"**README/AGENTS alignment**: No direct conflicts with the tooling/workflow guidance in `README.md` or `AGENTS.md`, but FastAPI/testing guidance here must stay synchronized with those docs.",Conflicts,CONFLICT,"Workflow, Releases, CI","FastAPI and testing guidance from STYLE_3 has to stay synchronized with root README.md and AGENTS.md when those are refreshed under the Workflow, Releases, CI theme, so any drift between these docs must be resolved during migration."
ISS-0098,working/phase1/summaries/docs/to_integrate/STYLE_4.summary.md,38,"**External module reference**: Mentions `ui_designer.shared_types`, which does not exist in this repository and appears to come from another project. Either remove or replace with a project-appropriate shared types module if one is introduced.",Conflicts,CONFLICT,Code Standards & Architecture,Reference to ui_designer.shared_types points at a non-existent module in this repo and must be removed or replaced with an appropriate shared-types location when integrating STYLE_4 into docs/code-style-guide.md.
ISS-0099,working/phase1/summaries/docs/to_integrate/STYLE_4.summary.md,39,"**Domain model mismatch**: Example types (`Project`, `ProjectStatus`, `DesignToken`) do not match the actual MCP metadata domain (`MetadataItem`, `FetchRequest`, etc.) defined in `app/contracts/metadata_contract.py`.",Staleness,CONFLICT,Code Standards & Architecture,"Example domain types like Project and DesignToken in STYLE_4 are stale relative to the current MCP metadata models (e.g., MetadataItem, FetchRequest) and need updating during STYLE_4 → docs/code-style-guide.md migration to reflect the real contract in app/contracts/metadata_contract.py."
ISS-0100,working/phase1/summaries/docs/to_integrate/STYLE_4.summary.md,40,"**Shared types assumption**: Assumes a shared types package for cross-service reuse, while this project is currently a single service with contracts living under `app/contracts/`.",Architecture,CONFLICT,Code Standards & Architecture,Assumption of a cross-service shared types package conflicts with the current single-service layout where contracts live under app/contracts/; architecture and style docs need to clarify if/when a shared types package will exist or drop that assumption.
ISS-0101,working/phase1/summaries/docs/to_integrate/STYLE_4.summary.md,41,"**Overlap with STYLE_1**: Repeats naming conventions (snake_case, PascalCase, UPPER_SNAKE_CASE) already covered in STYLE_1; these should be consolidated into a single style guide section.",Duplicates,CONFLICT,Code Standards & Architecture,"STYLE_4 naming rules will be merged into the single canonical `docs/code-style-guide.md` per Migration §2 (STYLE_1–8 merge), but the overlap with STYLE_1 still needs manual consolidation of sections and examples during the Code Standards & Architecture phase."
ISS-0102,working/phase1/summaries/docs/to_integrate/STYLE_4.summary.md,42,**Overlap with api-patterns-guide**: Domain modeling patterns overlap with the schemas and generics guidance in `docs/to_integrate/api-patterns-guide.md` and should be merged or cross-referenced.,Duplicates,CONFLICT,Code Standards & Architecture,"Domain modeling and generics guidance from STYLE_4 and `api-patterns-guide` are both mapped into `docs/api.md` and `docs/code-style-guide.md` in Migration §2, yet it remains a red-flag duplication that must be resolved by hand when composing the target API/style docs."
ISS-0103,working/phase1/summaries/docs/to_integrate/STYLE_4.summary.md,43,**Missing linting enforcement**: Recommends naming conventions but does not describe how they are enforced; this should be aligned with the actual configuration in `pyproject.toml` and the Ruff setup.,Gaps,CONFLICT,Code Standards & Architecture,"ADR-0005 (Ruff) and Migration §3 plan to standardize Ruff config in `pyproject.toml` and `.pre-commit-config.yaml`, but STYLE_4’s missing ‘how this is enforced’ section still requires manual alignment between the narrative style guide and the concrete Ruff rules."
ISS-0104,working/phase1/summaries/docs/to_integrate/STYLE_4.summary.md,44,**Constants vs configuration**: Treats all UPPER_SNAKE_CASE values as constants without differentiating configuration that may come from environment or settings modules such as `app/core/settings.py`.,Conflicts,CONFLICT,Code Standards & Architecture,The simplistic treatment of all UPPER_SNAKE_CASE values as constants conflicts with configuration patterns tied to `app/core/settings.py` and environment-driven settings called out in Migration §3; this needs an explicit rule in the consolidated `docs/code-style-guide.md` during Code Standards & Architecture work.
ISS-0105,working/phase1/summaries/docs/to_integrate/STYLE_5.summary.md,43,"**Project structure mismatch**: The sample project layout (`api/routes/users.py`) does not match this repository, which uses `app/routes/metadata_router_v1.py` and MCP-focused services; examples should be updated to use the actual module structure.",Staleness,CONFLICT,Code Standards & Architecture,"STYLE_5’s example layout (`api/routes/users.py`) is outdated relative to the current `app/routes/metadata_router_v1.py`/MCP structure; Migration §2 only says STYLE_5 will be merged into `docs/code-style-guide.md`, so examples must be manually rewritten to match the real project topology."
ISS-0106,working/phase1/summaries/docs/to_integrate/STYLE_5.summary.md,44,"**Service layer not integrated**: STYLE_5 assumes thin route handlers delegating to services, but `app/routes/metadata_router_v1.py` currently contains hardcoded logic and does not call `app/services/mcp_manager.py`, so the pattern is aspirational.",Conflicts,CONFLICT,Code Standards & Architecture,"STYLE_5 describes thin handlers delegating to services, but current code in `app/routes/metadata_router_v1.py` and `app/services/mcp_manager.py` does not yet follow that pattern; Migration §3 tracks code/config alignment separately, so this aspirational mismatch must be resolved by future refactors coordinated with the architecture/style docs."
ISS-0107,working/phase1/summaries/docs/to_integrate/STYLE_5.summary.md,45,**Overlap with STYLE_6**: Function design and route handler patterns are repeated in STYLE_6's router sections; these should be consolidated into a single architecture/style document.,Duplicates,CONFLICT,Code Standards & Architecture,"Function and route handler design rules are duplicated between STYLE_5 and STYLE_6; while both are slated to merge into `docs/code-style-guide.md` in Migration §2, the exact consolidation and removal of overlapping sections still requires manual editorial decisions in the Code Standards & Architecture phase."
ISS-0108,working/phase1/summaries/docs/to_integrate/STYLE_5.summary.md,46,**Overlap with api-patterns-guide**: The recommendations for thin handlers and service delegation overlap heavily with `docs/to_integrate/api-patterns-guide.md` (especially sections on routers and services).,Duplicates,CONFLICT,Code Standards & Architecture,"STYLE_5’s thin-handler/service-delegation guidance overlaps heavily with `api-patterns-guide`, and both feed into `docs/api.md`/`docs/code-style-guide.md` per Migration §2; resolving which document owns which details and eliminating repetition remains a Phase 3 consolidation task."
ISS-0109,working/phase1/summaries/docs/to_integrate/STYLE_5.summary.md,47,**Overlap with fastapi-best-practices**: Async/await and concurrency guidance overlaps with `docs/to_integrate/fastapi-best-practices.md`; duplication should be reduced.,Duplicates,CONFLICT,Code Standards & Architecture,"Async/await and concurrency guidance appears both in STYLE_5 and `fastapi-best-practices.md`; Migration §2 maps both into `docs/api.md` and `docs/code-style-guide.md`, but the overlapping FastAPI best-practices content must still be de-duplicated when drafting the canonical API/style docs."
ISS-0110,working/phase1/summaries/docs/to_integrate/STYLE_5.summary.md,48,"**Missing complexity enforcement details**: Suggests small functions but does not specify how tools (for example, Ruff, pylint) enforce max complexity or lines; should be aligned with `pyproject.toml`.",Gaps,CONFLICT,Code Standards & Architecture,The STYLE_5 recommendation for small functions without specifying concrete complexity limits is only partially addressed by ADR-0005 and planned Ruff standardization in `pyproject.toml`; the gap between prose guidance and enforceable Ruff (or other tool) settings must be closed explicitly during Code Standards & Architecture migration work.
ISS-0111,working/phase1/summaries/docs/to_integrate/STYLE_5.summary.md,49,**Callback section relevance**: Emphasizes callback-style patterns that are less common in idiomatic Python FastAPI code; this section may be de-emphasized or simplified.,Staleness,CONFLICT,Code Standards & Architecture,"Callback-heavy patterns in STYLE_5 are being merged into the canonical code-style-guide (Migration Matrix: STYLE_5 → docs/code-style-guide.md), but the plan does not explicitly decide whether to keep or de-emphasize callbacks, so this requires a manual content decision when consolidating routing patterns."
ISS-0112,working/phase1/summaries/docs/to_integrate/STYLE_5.summary.md,50,"**File naming vs router content**: Recommends one responsibility per file, but `metadata_router_v1.py` contains multiple route functions; expectations for router modules should be clarified.",Naming,CONFLICT,Code Standards & Architecture,"The one-responsibility-per-file advice in STYLE_5 will be merged into docs/code-style-guide.md, but the migration plan does not resolve the tension with current router modules like app/routes/metadata_router_v1.py containing multiple handlers, so expectations for router file responsibilities must be clarified during Phase 3 architecture/style work."
ISS-0113,working/phase1/summaries/docs/to_integrate/STYLE_6.summary.md,45,"**Major duplication with api-patterns-guide**: Large portions of STYLE_6 (project structure, routers, services, repositories, and DI) closely mirror `docs/to_integrate/api-patterns-guide.md`; these two documents should be merged rather than maintained separately.",Duplicates,CONFLICT,Code Standards & Architecture,"Migration plan routes both STYLE_6 and api-patterns-guide into docs/code-style-guide.md and docs/api.md but does not spell out how to merge overlapping sections on project structure, routers, services, and DI; this duplication needs manual consolidation when creating the canonical API/style docs."
ISS-0114,working/phase1/summaries/docs/to_integrate/STYLE_6.summary.md,46,**Overlap with fastapi-best-practices**: Architectural and SOLID/clean-architecture advice overlaps with `docs/to_integrate/fastapi-best-practices.md`; content should be deduplicated or clearly scoped.,Duplicates,CONFLICT,Code Standards & Architecture,"STYLE_6 and fastapi-best-practices are both mapped to docs/api.md and docs/code-style-guide.md, yet the plan only generally says to deduplicate overlaps; the concrete conflicts between SOLID/clean-architecture advice and fastapi-best-practices must be resolved during doc merge work."
ISS-0115,working/phase1/summaries/docs/to_integrate/STYLE_6.summary.md,47,"**Aspirational vs descriptive architecture**: The guide describes a mature layered architecture that is not yet implemented here (no repositories, minimal DI, hardcoded responses in `metadata_router_v1.py`), so it currently functions as a target state rather than a description of the existing system.",Staleness,CONFLICT,Code Standards & Architecture,"STYLE_6 describes a fully layered architecture (repositories, DI, non-hardcoded responses) that the current codebase does not yet implement; the migration plan positions architecture.md and code-style-guide.md as targets but leaves it to later phases to reconcile aspirational guidance with today’s simpler FastAPI app, so this mismatch requires deliberate adjustment instead of being auto-resolved."
ISS-0116,working/phase1/summaries/docs/to_integrate/STYLE_6.summary.md,48,"**Database assumption**: Assumes a relational database and SQLAlchemy sessions, but this project has no concrete database setup; guidance should be made database-agnostic or clearly marked as future work.",Staleness,CONFLICT,Code Standards & Architecture,"STYLE_6 assumes a relational DB and SQLAlchemy sessions while the project currently has no concrete DB layer; although architecture and style docs will centralize such guidance, the plan does not decide whether to make database guidance agnostic or explicitly future-oriented, so content authors must resolve this when drafting architecture.md and docs/api.md."
ISS-0117,working/phase1/summaries/docs/to_integrate/STYLE_6.summary.md,49,"**Missing custom exception layer**: Recommends custom business exceptions (for example, `UserNotFoundError`, `UserAlreadyExistsError`) and a centralized error-handling strategy, but the project lacks an `app/core/errors.py` or equivalent exception hierarchy.",Gaps,RESOLVED,Migration §3 – app/core/errors.py (new),"Migration Matrix (Non-Documentation Files) explicitly calls for introducing app/core/errors.py with centralized error types and HTTP mapping, and references coordinating this with logging/error-handling guidance in docs/code-style-guide.md and docs/api.md, directly addressing the missing custom exception layer."
ISS-0118,working/phase1/summaries/docs/to_integrate/STYLE_6.summary.md,50,"**Dependency injection not implemented end-to-end**: Shows complete DI chains (database → repository → service), while `app/core/dependencies.py` only wires settings; integrating services and repositories via DI remains future work.",Gaps,CONFLICT,Code Standards & Architecture,"The plan notes that app/core/dependencies.py should align with DI patterns in docs/api.md and docs/architecture.md, but it does not yet define concrete end-to-end DI chains or implementation tasks for repositories/services; realizing the full DI chain remains future work that must be designed and implemented in later phases."
ISS-0119,working/phase1/summaries/docs/to_integrate/STYLE_6.summary.md,51,"**Domain mismatch**: Examples reference generic User/Project domains instead of the MCP metadata domain (for example, `MetadataItem`, `FetchRequest`, and related contracts in `app/contracts/metadata_contract.py`).",Staleness,CONFLICT,Code Standards & Architecture,"STYLE_6’s User/Project examples are scheduled to be merged into docs/architecture.md and docs/api.md, but the migration plan does not specify rewriting them into MCP-specific terms like MetadataItem and FetchRequest; aligning examples with the actual metadata domain will require manual editorial work when consolidating the docs."
ISS-0120,working/phase1/summaries/docs/to_integrate/STYLE_6.summary.md,52,**Overlap with STYLE_5**: Thin route handlers and service delegation rules are repeated in STYLE_5; these should be consolidated into a single set of routing/service guidelines.,Duplicates,CONFLICT,Code Standards & Architecture,"Migration plan sends both STYLE_5 and STYLE_6 into the unified code-style-guide and API docs, and explicitly calls out resolving STYLE_* duplication red flags, but it does not provide specific consolidation rules for thin route handlers and service delegation; these overlapping routing/service guidelines must be merged and normalized during Phase 3 style doc work."
ISS-0121,working/phase1/summaries/docs/to_integrate/STYLE_6.summary.md,53,**Overlap with STYLE_1**: Type-hinting and docstring requirements repeat STYLE_1 guidance and should be centralized in a unified style guide.,Duplicates,RESOLVED,Migration §2 (STYLE_6 → docs/code-style-guide.md),"Type-hinting and docstring rules from STYLE_6 are explicitly slated to be merged into the single canonical docs/code-style-guide.md alongside other STYLE_* docs, which centralizes and deduplicates style guidance."
ISS-0122,working/phase1/summaries/docs/to_integrate/STYLE_6.summary.md,54,"**OpenAPI tooling disconnect**: Discusses automatic OpenAPI generation but does not reference the actual tooling in this repo (`scripts/gen_openapi.py` and `openapi/openapi.json`), which should be aligned.",OpenAPI,RESOLVED,Migration §3 (scripts/gen_openapi.py & openapi/openapi.json alignment),"The migration plan’s non-doc matrix calls out scripts/gen_openapi.py and openapi/openapi.json as managed artifacts tied to ADR-0004 and the new docs/api.md, resolving the disconnect between OpenAPI guidance and the actual tooling."
ISS-0123,working/phase1/summaries/docs/to_integrate/STYLE_6.summary.md,55,"**Testing patterns vs current tests**: Mentions DI-based testing strategies and dependency overrides, but does not reference the existing testing setup (`tests/conftest.py`, `docs/TEST.md`, `docs/TESTING_ARCHITECTURE.md`), which already define how tests are structured.",Testing,RESOLVED,Migration §2 (TEST docs → docs/testing-guide.md) & §3 (tests/conftest.py alignment),"Testing strategies, including DI and dependency overrides, are being consolidated from STYLE_6, TEST.md, and TESTING_ARCHITECTURE.md into docs/testing-guide.md with corresponding updates to tests/conftest.py, aligning narrative guidance with the existing pytest setup."
ISS-0124,working/phase1/summaries/docs/to_integrate/STYLE_7.summary.md,40,**No FastAPI integration**: Guidance is written in framework-agnostic terms and does not reference FastAPI constructs like `HTTPException` or application-level exception handlers; this needs alignment with how errors are actually surfaced in `app/routes/metadata_router_v1.py` and related routers.,Gaps,CONFLICT,Code Standards & Architecture,"STYLE_7’s framework-agnostic error guidance still needs to be reconciled with concrete FastAPI patterns (HTTPException, router-level handlers) and aligned with docs/api.md and app/routes/metadata_router_v1.py behaviour during the Code Standards & Architecture phase."
ISS-0125,working/phase1/summaries/docs/to_integrate/STYLE_7.summary.md,41,"**Logging vs `print()`**: Examples rely on `print()` for error reporting, which is not appropriate for production services; these should be updated to use the project's logging approach.",Health,RESOLVED,"Migration §2 (STYLE_* → docs/code-style-guide.md, logging/error-handling) & §4 (STYLE-LOGGING red flag)","Logging vs print() is explicitly called out as a STYLE red flag and will be unified into a single logging/error-handling subsection in docs/code-style-guide.md, coordinated with centralized error handling in app/core/errors.py instead of print-based examples."
ISS-0126,working/phase1/summaries/docs/to_integrate/STYLE_7.summary.md,42,"**Custom exception placement**: The document does not specify where custom exceptions should be defined (for example, a shared `app/core/exceptions.py` module vs. per-feature exceptions); the project should standardize on a location and update references.",Code Standards & Architecture,RESOLVED,Migration §3 (app/core/errors.py new file),"The non-doc migration matrix introduces app/core/errors.py as the centralized location for error types and HTTP mappings, which standardizes where custom exceptions live and how they are referenced from style and API docs."
ISS-0127,working/phase1/summaries/docs/to_integrate/STYLE_7.summary.md,43,"**Overlap with testing docs**: Error handling and custom exception patterns have implications for tests and fixtures, which may overlap with `docs/TEST.md` and `docs/to_integrate/TEST_*.md`; coordination is needed when integrating.",Conflicts,CONFLICT,Testing & E2E,Error-handling and custom exception patterns from STYLE_7 will affect tests and fixtures and must be coordinated with docs/testing-guide.md and existing TEST_* content during the Testing & E2E phase to avoid conflicting guidance across testing docs.
ISS-0128,working/phase1/summaries/docs/to_integrate/STYLE_7.summary.md,44,"**Comment density guidance**: There is no explicit guidance on when not to comment (i.e., preferring self-documenting code) or how to avoid over-commenting; this may need to be clarified based on team preferences.",Gaps,CONFLICT,Code Standards & Architecture,Comment-density expectations (when not to comment and preferring self-documenting code) are not yet spelled out; they need to be defined and integrated into docs/code-style-guide.md when consolidating STYLE_7-era commentary guidance.
ISS-0129,working/phase1/summaries/docs/to_integrate/STYLE_7.summary.md,45,**Docstrings vs comments**: The relationship between inline comments and docstrings (outlined in STYLE_1) is not clarified; consolidated style docs should ensure these are consistent and non-contradictory.,Duplicates,CONFLICT,Code Standards & Architecture,"The relationship between inline comments and docstrings, split today between STYLE_1 and STYLE_7, must be explicitly harmonized in the unified docs/code-style-guide.md to prevent overlapping or contradictory rules."
ISS-0130,working/phase1/summaries/docs/to_integrate/STYLE_8.summary.md,44,"**`mypy` not installed**: STYLE_8's strong emphasis on `mypy` (strict mode, hooks, CI) is out of sync with the current project, which does not include `mypy` as a dependency or mention it in any primary docs; a decision is needed on whether to adopt `mypy` or remove/soften this guidance.",Staleness,RESEARCH,Ruff Configuration,STYLE_8’s strong mypy emphasis conflicts with the current Ruff-only toolchain and ADR-0005; additional research is needed to decide whether to add mypy (and how to configure it alongside Ruff) or to revise style guidance to match the existing lint setup.
ISS-0131,working/phase1/summaries/docs/to_integrate/STYLE_8.summary.md,45,"**Pre-commit configuration mismatch**: The recommended multi-repo pre-commit setup conflicts with the actual `.pre-commit-config.yaml`, which relies on a single `local` hook running `uv run lint`; documentation and configuration must be reconciled to avoid confusion.",Conflicts,CONFLICT,Code Standards & Architecture,"The mismatch between the recommended multi-repo pre-commit setup and the actual single local `uv run lint` hook is called out generally in the migration plan (STYLE_7/STYLE_8 into `docs/code-style-guide.md` and `docs/workflow-and-ci.md`), but there is no specific ADR or migration step that explicitly reconciles the exact `.pre-commit-config.yaml` vs. docs guidance; this must be resolved during Code Standards & Architecture doc consolidation."
ISS-0132,working/phase1/summaries/docs/to_integrate/STYLE_8.summary.md,46,**Script section mismatch**: The use of `[tool.uv.scripts]` in examples does not match the project's current `[project.scripts]` usage; STYLE_8 should be updated to reflect how `uv` is actually invoked here.,Conflicts,CONFLICT,Code Standards & Architecture,The documented use of `[tool.uv.scripts]` vs. the actual `[project.scripts]` usage is a doc–config inconsistency not explicitly addressed in ADRs or the migration plan; it will need to be corrected while merging STYLE_8 into `docs/code-style-guide.md` and updating `pyproject.toml` patterns under the Code Standards & Architecture theme.
ISS-0133,working/phase1/summaries/docs/to_integrate/STYLE_8.summary.md,47,"**Duplicate tooling documentation**: STYLE_8 substantially overlaps with `docs/to_integrate/linting-guide.md` and the `README.md` Code Quality section; Phase 2 integration should merge these into a single, authoritative description of the tooling stack.",Duplicates,RESOLVED,Migration §2 – STYLE_8 → docs/code-style-guide.md; docs/to_integrate/linting-guide.md → docs/workflow-and-ci.md; README.md → README.md; docs/README.md,"The migration matrix explicitly merges STYLE_8 into `docs/code-style-guide.md`, moves linting-command workflow details into `docs/workflow-and-ci.md`, and refreshes `README.md`/`docs/README.md`, which together establish a single authoritative description of linting and tooling, resolving the duplication between STYLE_8, the linting guide, and README."
ISS-0134,working/phase1/summaries/docs/to_integrate/STYLE_8.summary.md,48,**Version drift**: Hard-coded tool versions in STYLE_8 do not match `pyproject.toml` and will quickly become outdated; examples should either be updated or rewritten to be version-agnostic.,Staleness,RESEARCH,Ruff Configuration,Hard-coded tool versions in STYLE_8 that diverge from `pyproject.toml` require deciding how to express version guidance (pinning vs. version-agnostic examples) and aligning with the standardized Ruff and tooling setup described in the migration plan; this depends on tooling/versioning best practices and should be treated as a Ruff/tooling configuration research task before updating the docs.
ISS-0135,working/phase1/summaries/docs/to_integrate/STYLE_8.summary.md,49,**Import ordering overlap**: Import ordering guidance duplicates content from STYLE_1 and other style docs; consolidated style documentation should avoid conflicting rules and pick a single source of truth.,Duplicates,RESOLVED,Migration §2 – STYLE_* → docs/code-style-guide.md (STYLE-IMPORTS red flag),"The migration plan explicitly calls out resolving STYLE import-ordering conflicts (e.g., `STYLE-IMPORTS` red flag) by consolidating all STYLE_* import rules into a single section in `docs/code-style-guide.md`, making that doc the single source of truth and eliminating overlapping import-order guidance from STYLE_8 and other style docs."
ISS-0136,working/phase1/summaries/docs/to_integrate/STYLE_8.summary.md,50,**Workflow inconsistency**: STYLE_8's narrative of separate `format` and `lint` commands differs from the reality that `uv run lint` (via `scripts/lint.py`) already executes formatting; documentation should clarify that a single command is the canonical workflow.,Conflicts,RESOLVED,Migration §2 – docs/to_integrate/linting-guide.md → docs/workflow-and-ci.md; README Code Quality,"The migration plan normalizes lint and format commands around `uv run lint` (Ruff format then lint) in both `docs/workflow-and-ci.md` and the updated README, explicitly addressing the `WF-LINT-COMMANDS` red flag; this supersedes STYLE_8’s separate `format` vs. `lint` narrative and clarifies that `uv run lint` is the canonical combined workflow."
ISS-0137,working/phase1/summaries/docs/to_integrate/STYLE_8.summary.md,51,"**Missing Ruff config details**: STYLE_8 mentions that Ruff is configured via `pyproject.toml` but does not reflect this repository's actual settings (e.g., 100-character line length); integrated docs should reference the concrete configuration.",Gaps,RESOLVED,Migration §3 – pyproject.toml & .pre-commit-config.yaml; STYLE_* → docs/code-style-guide.md,"The migration plan mandates standardizing Ruff configuration in `pyproject.toml` (including line length) and aligning `.pre-commit-config.yaml` with ADR-0005, while consolidating style and tooling guidance into `docs/code-style-guide.md`; this ensures the integrated docs will point to and reflect the concrete Ruff config (e.g., 100-character lines), closing the missing-detail gap in STYLE_8."
ISS-0138,working/phase1/summaries/docs/to_integrate/STYLE_8.summary.md,52,"**`TYPE_CHECKING` imports context**: While TYPE_CHECKING usage is shown, the rationale (avoiding import cycles and runtime costs) is only lightly touched on; integration work should ensure this guidance is connected to broader import and typing patterns from other style docs.",Gaps,CONFLICT,Code Standards & Architecture,"The limited rationale around `TYPE_CHECKING` imports in STYLE_8 needs to be woven into the broader import and typing patterns across STYLE_* when merging into `docs/code-style-guide.md` under Code Standards & Architecture; the migration plan notes consolidation of type-hinting and import rules but does not yet specify how `TYPE_CHECKING` rationale will be expanded, so this remains a content gap to address during that consolidation."
ISS-0139,working/phase1/summaries/docs/to_integrate/STYLE_8.summary.md,53,**CI integration specifics**: STYLE_8 vaguely recommends adding `uv run lint` to CI without showing concrete CI configuration; this must be coordinated with `docs/to_integrate/git-workflow.md` and the project's actual CI workflows.,Gaps,CONFLICT,"Workflow, Releases, CI","STYLE_8’s vague `uv run lint` CI recommendation must be reconciled with the concrete CI workflows and branching guidance that will live in `docs/workflow-and-ci.md` and the actual `.github/workflows/*`; the migration plan flags `WF-LINT-COMMANDS` and CI standardization but leaves the exact CI snippet design to Phase 5, so this is an open workflow/CI integration detail to resolve."
ISS-0140,working/phase1/summaries/docs/to_integrate/TEST_7.summary.md,50,"Major duplication with `docs/to_integrate/e2e-testing-guide.md`: both documents cover E2E testing for FastAPI, health checks, live server fixtures, and httpx usage, but the existing guide is project-specific while TEST_7 is generic/tutorial-style.",Duplicates,RESOLVED,Migration §2 – TEST_* and e2e-testing-guide.md → docs/testing-guide.md (Testing & E2E),"The migration matrix explicitly merges both TEST_7 and `docs/to_integrate/e2e-testing-guide.md` into a single `docs/testing-guide.md`, with E2E patterns aligned to ADR-0006; this consolidation is designed to eliminate duplication between the generic/tutorial E2E content and the project-specific guide, making the new testing guide the sole canonical reference."
ISS-0141,working/phase1/summaries/docs/to_integrate/TEST_7.summary.md,51,"Health endpoint path mismatch: TEST_7 assumes `/healthz`, whereas the project exposes a health endpoint under the metadata API namespace (for example `/api/metadata/v1/health`).",Health,RESOLVED,ADR-0007; Migration §4 (API-HEALTH-ENDPOINT),"ADR-0007 defers health endpoint contract decisions and migration_plan.md explicitly calls out resolving conflicting health endpoint guidance (API-HEALTH-ENDPOINT), so the mismatch between `/healthz` and `/api/metadata/v1/health` will be addressed as part of that aligned contract work."
ISS-0142,working/phase1/summaries/docs/to_integrate/TEST_7.summary.md,52,"Fixture naming conflict: TEST_7 suggests fixtures like `api_base_url` and `wait_for_api`, but the project already uses fixtures such as `live_server` and `api_client` in `tests/conftest.py`.",Conflicts,CONFLICT,Testing & E2E,"Fixture naming and usage conflicts between TEST_7’s suggested fixtures and the existing `tests/conftest.py` patterns fall under the Testing & E2E theme, which migration_plan.md assigns to unify fixtures and resolve TEST-FIXTURES-DUP red flags."
ISS-0143,working/phase1/summaries/docs/to_integrate/TEST_7.summary.md,53,"Generic job polling example (`/jobs`, `_jobs` dict) does not reflect the project's actual domain (MCP metadata fetching and related flows).",Testing,CONFLICT,Testing & E2E,The generic `/jobs` polling example needs to be reconciled with this project’s MCP metadata domain and E2E flows; this is test-guidance content that must be rewritten during the Testing & E2E consolidation of TEST_7 into docs/testing-guide.md.
ISS-0144,working/phase1/summaries/docs/to_integrate/TEST_7.summary.md,54,"Overlap with `docs/TEST.md`: the ""When to use TestClient vs real Uvicorn"" guidance appears in both places, with `docs/TEST.md` already providing FastAPI-specific recommendations.",Duplicates,RESOLVED,Migration §2 (TEST_7 → docs/testing-guide.md; docs/TEST.md → docs/testing-guide.md),"Both TEST_7 and docs/TEST.md are scheduled to be merged into docs/testing-guide.md, where overlapping guidance about TestClient vs real Uvicorn will be deduplicated as part of the unified testing guide."
ISS-0145,working/phase1/summaries/docs/to_integrate/TEST_7.summary.md,55,"Missing pytest-check integration: TEST_7 uses plain `assert` statements, while `docs/to_integrate/e2e-testing-guide.md` recommends pytest-check for soft assertions in E2E tests.",Testing,CONFLICT,Testing & E2E,The inconsistency between pytest-check usage recommended in the E2E testing guide and plain asserts in TEST_7 is a testing-strategy conflict to be harmonized under the Testing & E2E theme when integrating TEST_7 into docs/testing-guide.md.
ISS-0146,working/phase1/summaries/docs/to_integrate/TEST_7.summary.md,56,"docker-compose assumptions: TEST_7 positions docker-compose as the primary E2E orchestration tool, but the project's E2E guide focuses on using `scripts/start-server.py` directly without docker-compose.",Env,CONFLICT,Testing & E2E,TEST_7’s docker-compose-first assumption conflicts with the project’s E2E approach (scripts/start-server.py and ADR-0006/Testcontainers) and must be resolved as part of the Testing & E2E theme’s E2E strategy alignment.
ISS-0147,working/phase1/summaries/docs/to_integrate/TEST_7.summary.md,57,"No reference to the existing `@pytest.mark.e2e` marker or patterns like `pytest -m e2e`, which are already documented in the project.",Testing,CONFLICT,Testing & E2E,The missing reference to the existing `@pytest.mark.e2e` marker and `pytest -m e2e` patterns is a gap within testing guidance that needs to be wired into the consolidated docs/testing-guide.md by the Testing & E2E theme.
ISS-0148,working/phase1/summaries/docs/to_integrate/TEST_7.summary.md,58,"Polling helper location ambiguity: TEST_7 suggests placing polling helpers in `tests/utils.py`, while this project appears to centralize shared helpers and fixtures in `tests/conftest.py`.",Conflicts,CONFLICT,Testing & E2E,"TEST_7’s suggestion to place polling helpers in `tests/utils.py` conflicts with the project’s practice of centralizing shared fixtures/helpers in `tests/conftest.py`, and this structural testing-doc conflict belongs to the Testing & E2E theme."
ISS-0149,working/phase1/summaries/docs/to_integrate/TEST_7.summary.md,59,Eventual consistency example is too generic and would need adaptation to project-specific async scenarios such as MCP server metadata fetching with retries.,Gaps,CONFLICT,Testing & E2E,The generic eventual consistency example must be adapted to project-specific async scenarios like MCP metadata fetching with retries; this is a content gap within testing examples that Testing & E2E will fill when tailoring E2E guidance.
ISS-0150,working/phase1/summaries/docs/to_integrate/TEST_8.summary.md,50,"Overlaps with `docs/TEST.md` mocking guidance: both documents describe mocking external dependencies and using `unittest.mock`, but TEST_8 stays generic while `docs/TEST.md` already covers FastAPI-specific patterns like dependency overrides.",Duplicates,RESOLVED,Migration §2 (TEST_8 → docs/testing-guide.md; docs/TEST.md → docs/testing-guide.md),"Migration_plan.md calls for merging both TEST_8 and docs/TEST.md into docs/testing-guide.md, where overlapping mocking guidance will be consolidated into a single FastAPI-specific section, resolving the duplication."
ISS-0151,working/phase1/summaries/docs/to_integrate/TEST_8.summary.md,51,"Overlaps with `docs/TEST.md` fixture section: both recommend fixtures to avoid duplication, yet `docs/TEST.md` already documents project-specific fixtures such as `test_settings`, `test_app`, `client`, and `async_client`.",Duplicates,RESOLVED,Migration §2 (docs/to_integrate/TEST_8.md → docs/testing-guide.md; docs/TEST.md → docs/testing-guide.md),"Fixture guidance overlap is explicitly handled by merging TEST_8, TEST.md, and TESTING_ARCHITECTURE into a single docs/testing-guide.md so project-specific fixtures (test_settings, test_app, client, async_client) become the canonical source."
ISS-0152,working/phase1/summaries/docs/to_integrate/TEST_8.summary.md,52,"Generic examples (`fetch_user`, `UserService`, `create_user_db`) are not aligned with the project's actual domain types such as `MCPManager`, `MetadataItem`, or metadata fetch requests.",Staleness,RESOLVED,Migration §2 (TEST_* series → docs/testing-guide.md),"Generic placeholder examples (fetch_user, UserService, create_user_db) will be rewritten or pruned during the consolidation of TEST_8 into docs/testing-guide.md so examples can align with current domain types like MCPManager and MetadataItem."
ISS-0153,working/phase1/summaries/docs/to_integrate/TEST_8.summary.md,53,unittest-based examples may be misleading if the project relies exclusively on pytest-style tests and functions.,Staleness,RESOLVED,Migration §2 (TEST_* and TESTING_ARCHITECTURE → docs/testing-guide.md),"The unified testing-guide.md will standardize on pytest-style tests already described in docs/TEST.md and TESTING_ARCHITECTURE, demoting or removing unittest-style examples that no longer match the project’s primary testing approach."
ISS-0154,working/phase1/summaries/docs/to_integrate/TEST_8.summary.md,54,"Async testing guidance is incomplete: TEST_8 advises avoiding unnecessary async without explaining how to handle necessary async endpoints, which `docs/TEST.md` already addresses.",Gaps,RESOLVED,"Migration §2 (docs/TEST.md, TEST_8, E2E guides → docs/testing-guide.md)","Async testing guidance will be completed by merging TEST_8 with the existing async coverage in docs/TEST.md and the E2E testing material into docs/testing-guide.md, giving a single coherent section on when and how to test async endpoints."
ISS-0155,working/phase1/summaries/docs/to_integrate/TEST_8.summary.md,55,"Coverage and quality themes overlap with `docs/TEST.md`, which already documents pytest-cov usage and coverage expectations.",Duplicates,RESOLVED,Migration §2 (TEST_* series and docs/TEST.md → docs/testing-guide.md),"Overlapping coverage and quality guidance is consolidated into docs/testing-guide.md, which becomes the canonical place for pytest-cov usage and coverage expectations instead of duplicating the same themes across TEST_8 and docs/TEST.md."
ISS-0156,working/phase1/summaries/docs/to_integrate/TEST_8.summary.md,56,"Temporary resource management guidance uses `tempfile` and `shutil`, but `docs/TEST.md` recommends pytest's `tmp_path` fixture for temporary files and directories.",Conflicts,RESOLVED,Migration §2 (TEST_8 and docs/TEST.md → docs/testing-guide.md),"The migration plan instructs unifying temporary resource guidance in docs/testing-guide.md, resolving the conflict by preferring the project-standard pytest tmp_path fixture over ad-hoc tempfile/shutil patterns from TEST_8."
ISS-0157,working/phase1/summaries/docs/to_integrate/TEST_8.summary.md,57,Test independence advice is generic and duplicates the rationale already described in `docs/TESTING_ARCHITECTURE.md` for fixture scoping and isolation.,Duplicates,RESOLVED,Migration §4 (Red Flag Resolution – TEST-FIXTURES-DUP; TEST_* and TESTING_ARCHITECTURE → docs/testing-guide.md),"Generic test independence advice from TEST_8 will be folded into the existing rationale in TESTING_ARCHITECTURE when both are merged into docs/testing-guide.md, eliminating duplicate explanations of fixture scoping and isolation."
ISS-0158,working/phase1/summaries/docs/to_integrate/TEST_8.summary.md,58,"Assertion style recommendations use plain `assert`, while some parts of the project (for example E2E tests) may prefer pytest-check for soft assertions.",Testing,CONFLICT,Testing & E2E,"The project uses plain assert in many places but some E2E tests may prefer pytest-check; the migration plan does not yet define a single assertion-style policy, so Phase 4 work must decide and document how (or whether) to mix soft assertions with standard asserts."
ISS-0159,working/phase1/summaries/docs/to_integrate/TEST_8.summary.md,59,"Mocking patterns ignore FastAPI-specific mechanisms like `app.dependency_overrides`, which are already covered in `docs/TEST.md` and better aligned with this codebase.",Duplicates,RESOLVED,"Migration §2 (TEST_8, FastAPI testing content → docs/testing-guide.md; ADR-0006 e2e-testing-strategies.md)","FastAPI-specific mocking patterns such as app.dependency_overrides are already prioritized in docs/TEST.md and will be made canonical in docs/testing-guide.md, superseding the more generic mocking advice from TEST_8 that ignores these mechanisms."
ISS-0160,working/phase1/summaries/docs/to_integrate/TEST_9.summary.md,57,"Major overlap with `docs/TEST.md` on running tests: both documents describe pytest commands such as `pytest -k`, `pytest path`, and `pytest path::test_name` for focused runs.",Duplicates,RESOLVED,Migration §2 (TEST_9 and docs/TEST.md → docs/testing-guide.md),Duplicate instructions for running pytest (including -k filters and test selection by path or node id) are addressed by consolidating TEST_9 and docs/TEST.md into docs/testing-guide.md so there is a single authoritative section on test invocation.
ISS-0161,working/phase1/summaries/docs/to_integrate/TEST_9.summary.md,58,"Major overlap with `docs/TESTING_ARCHITECTURE.md`: both sources outline a strategy for placing unit, component, integration, and E2E tests, but TEST_9 uses generic examples while the existing docs are project-specific.",Duplicates,RESOLVED,docs/TESTING_ARCHITECTURE.md,"The existing project-specific TESTING_ARCHITECTURE.md already defines the multi-layer testing strategy (unit, component, integration, E2E), so TEST_9’s overlapping guidance should be treated as redundant and aligned/merged into the current doc rather than added separately."
ISS-0162,working/phase1/summaries/docs/to_integrate/TEST_9.summary.md,59,"Directory structure mismatch: TEST_9 assumes a `src/myapp/` layout, whereas this project uses an `app/` package (for example `app/routes/metadata_router_v1.py`).",Conflicts,RESOLVED,Migration §Testing Docs Layout (app/ vs src/),"The migration work standardizes on the app/ package layout (e.g. app/routes/...), so any TEST_9 references to a src/myapp/ structure should be rewritten or discarded to match the established app/ structure."
ISS-0163,working/phase1/summaries/docs/to_integrate/TEST_9.summary.md,60,"Coverage expectations duplication: TEST_9 promotes an 80%+ coverage target that already appears in `docs/TEST.md`, risking conflicting updates over time.",Duplicates,RESOLVED,docs/TEST.md,"The 80%+ coverage target is already documented in docs/TEST.md, so TEST_9’s separate statement would be removed or rewritten to point at the single source of truth to avoid future drift."
ISS-0164,working/phase1/summaries/docs/to_integrate/TEST_9.summary.md,61,"Shared fixtures location ambiguity: TEST_9 recommends a `tests/fixtures/` directory, but this project centralizes shared fixtures in `tests/conftest.py` (and may not have a `tests/fixtures/` package at all).",Conflicts,CONFLICT,Testing & E2E,"There is a direct mismatch between TEST_9’s recommendation of a tests/fixtures/ directory and the project’s current pattern of centralizing shared fixtures in tests/conftest.py; Phase 3–5 needs to decide whether to introduce a fixtures package, keep the current approach, or document a hybrid pattern."
ISS-0165,working/phase1/summaries/docs/to_integrate/TEST_9.summary.md,62,"Integration test categorization mismatch: TEST_9 suggests organizing integration tests by client/server/middleware, which may not match the actual structure in `tests/integration/` for this project.",Conflicts,CONFLICT,Testing & E2E,"TEST_9’s suggested integration-test taxonomy (client/server/middleware) does not necessarily match the actual tests/integration/ structure, so maintainers must manually reconcile and possibly redefine categories to reflect how this service is actually organized."
ISS-0166,working/phase1/summaries/docs/to_integrate/TEST_9.summary.md,63,"Generic testing patterns (error handling, type guards, transformations) use placeholder types rather than concrete project concepts such as `MetadataItem`, `FetchRequest`, or `MCPManager`.",Staleness,CONFLICT,Testing & E2E,"Generic placeholder types in TEST_9 conflict with the project’s domain (e.g. MetadataItem, FetchRequest, MCPManager); the examples need to be rewritten or discarded so the testing docs speak in the project’s real concepts rather than abstract placeholders."
ISS-0167,working/phase1/summaries/docs/to_integrate/TEST_9.summary.md,64,Debugging guidance is generic Python/pytest advice and does not address FastAPI-specific concerns like debugging async tests or dependency overrides.,Gaps,RESEARCH,Testing Patterns,"The docs currently lack FastAPI-specific debugging and async-testing guidance; additional research is needed on best practices for debugging async tests, dependency overrides, and FastAPI-specific pytest patterns to enrich or replace the generic pytest advice in TEST_9."
ISS-0168,working/phase1/summaries/docs/to_integrate/TEST_9.summary.md,65,Does not mention existing pytest markers (such as `@pytest.mark.e2e`) that may be configured in `pyproject.toml` and used to select subsets of tests.,Gaps,CONFLICT,Testing & E2E,"TEST_9 omits the project’s existing pytest markers (e.g. @pytest.mark.e2e), so the consolidated testing documentation must explicitly document and standardize marker usage based on current pyproject.toml configuration and real marker usage in the suite."
ISS-0169,working/phase1/summaries/docs/to_integrate/TEST_9.summary.md,66,"Recommends mirroring a `src/myapp/` structure in tests, while `docs/TEST.md` already recommends mirroring the `app/` structure (for example `tests/unit/core/test_settings.py` for `app/core/settings.py`).",Duplicates,RESOLVED,docs/TEST.md,"The canonical guidance is already to mirror the app/ package (e.g. tests/unit/core/test_settings.py for app/core/settings.py), so TEST_9’s recommendation to mirror src/myapp/ is superseded and should be dropped or rewritten to match the established app/ mirroring scheme."
